{"cameraMode":{"drawMode":0,"name":"Shaded","section":"Shading Mode"},"sceneLighting":false,"audioPlay":false,"sceneViewState":{"showFog":true,"showMaterialUpdate":false,"showSkybox":true,"showFlares":true,"showImageEffects":true,"showParticleSystems":true},"in2DMode":false,"pivot":{"x":3.142400026321411,"y":0.5,"z":3.085521697998047},"rotation":{"x":0.005018302239477634,"y":-0.9851822853088379,"z":0.16892021894454957,"w":0.029267707839608194},"size":2.8578836917877199,"orthographic":false}