{"cameraMode":{"drawMode":0,"name":"Shaded","section":"Shading Mode"},"sceneLighting":false,"audioPlay":false,"sceneViewState":{"showFog":true,"showMaterialUpdate":false,"showSkybox":true,"showFlares":true,"showImageEffects":true,"showParticleSystems":true},"in2DMode":false,"pivot":{"x":-2.776338577270508,"y":1.480217695236206,"z":0.4671609401702881},"rotation":{"x":-0.003123924834653735,"y":0.9636223316192627,"z":-0.2670116424560547,"w":-0.011274094693362713},"size":27.360485076904298,"orthographic":false}