{"cameraMode":{"drawMode":0,"name":"Shaded","section":"Shading Mode"},"sceneLighting":false,"audioPlay":false,"sceneViewState":{"showFog":true,"showMaterialUpdate":false,"showSkybox":true,"showFlares":true,"showImageEffects":true,"showParticleSystems":true},"in2DMode":false,"pivot":{"x":-2.0,"y":2.4000000953674318,"z":-2.746274948120117},"rotation":{"x":0.021814733743667604,"y":0.9700670838356018,"z":-0.22234056890010835,"w":0.0951770544052124},"size":2.8578836917877199,"orthographic":false}