{"cameraMode":{"drawMode":0,"name":"Shaded","section":"Shading Mode"},"sceneLighting":false,"audioPlay":false,"sceneViewState":{"showFog":true,"showMaterialUpdate":false,"showSkybox":true,"showFlares":true,"showImageEffects":true,"showParticleSystems":true},"in2DMode":false,"pivot":{"x":-5.016984939575195,"y":3.9819415897118687e-17,"z":-10.759842872619629},"rotation":{"x":0.4148782789707184,"y":-0.0013697093818336726,"z":0.00062457105377689,"w":0.9098756909370422},"size":22.0,"orthographic":false}