{"cameraMode":{"drawMode":0,"name":"Shaded","section":"Shading Mode"},"sceneLighting":false,"audioPlay":false,"sceneViewState":{"showFog":true,"showMaterialUpdate":false,"showSkybox":true,"showFlares":true,"showImageEffects":true,"showParticleSystems":true},"in2DMode":false,"pivot":{"x":509.1638488769531,"y":382.80047607421877,"z":0.0},"rotation":{"x":-0.08121922612190247,"y":-0.004480625968426466,"z":0.000365144747775048,"w":-0.9966861605644226},"size":2121.86572265625,"orthographic":false}