{"cameraMode":{"drawMode":0,"name":"Shaded","section":"Shading Mode"},"sceneLighting":false,"audioPlay":false,"sceneViewState":{"showFog":true,"showMaterialUpdate":false,"showSkybox":true,"showFlares":true,"showImageEffects":true,"showParticleSystems":true},"in2DMode":false,"pivot":{"x":2.2699999809265138,"y":3.7300000190734865,"z":-2.746274948120117},"rotation":{"x":-0.005370892584323883,"y":0.9767068028450012,"z":-0.2130938470363617,"w":-0.024617409333586694},"size":1.916663646697998,"orthographic":false}