{"cameraMode":{"drawMode":0,"name":"Shaded","section":"Shading Mode"},"sceneLighting":false,"audioPlay":false,"sceneViewState":{"showFog":true,"showMaterialUpdate":false,"showSkybox":true,"showFlares":true,"showImageEffects":true,"showParticleSystems":true},"in2DMode":false,"pivot":{"x":2.0862293243408205,"y":0.5749380588531494,"z":-2.1151390075683595},"rotation":{"x":0.021814733743667604,"y":0.9700670838356018,"z":-0.22234056890010835,"w":0.0951770544052124},"size":1.6166633367538453,"orthographic":false}