{"cameraMode":{"drawMode":0,"name":"Shaded","section":"Shading Mode"},"sceneLighting":false,"audioPlay":false,"sceneViewState":{"showFog":true,"showMaterialUpdate":false,"showSkybox":true,"showFlares":true,"showImageEffects":true,"showParticleSystems":true},"in2DMode":false,"pivot":{"x":1.7473431825637818,"y":4.346359729766846,"z":-1.4305613040924073},"rotation":{"x":0.05637452006340027,"y":0.8185620903968811,"z":-0.08155939728021622,"w":0.5657969117164612},"size":3.7531487941741945,"orthographic":false}